lib	round	original	reduced	improvement
exectimer	0	1861	1363	26.759806555615256
minimist	0	2911	2830	2.7825489522500817
tleaf	0	1722	589	65.79558652729384
uuid	0	4029	3190	20.82402581285679
