lib	round	original	reduced	improvement
exectimer	0	1861	1363	26.759806555615256
minimist	0	2911	2830	2.7825489522500817
tleaf	0	1722	567	67.07317073170731
uuid	0	4029	3078	23.603871928518245
